RC,CW,TA,WD,FA,Country
11.11,16.24,0.729,1.08,4.565,2
14.15,12.22,0.211,1.1,4.879,2
12.43,15.43,0.532,1.26,5.434,2
12.33,16.23,0.724,1.44,5.443,2
20.87,13.01,0.458,4.23,6.545,2
14.55,12.09,0.435,4.35,4.443,2
14.06,16.32,0.884,4.39,5.436,2
13.57,12.67,0.451,4.56,6.549,2
11.21,15.44,0.513,4.66,4.564,2
15.42,16.34,0.565,4.68,4.345,2
15.81,15.89,0.544,4.76,4.568,2
10.56,13.33,0.569,4.78,5.876,2
14.23,13.26,0.541,5.16,5.981,2
13.42,17.09,0.476,6.33,6.776,2
14.02,17.34,0.382,6.43,5.002,2
10.32,17.28,0.726,6.43,5.654,2
16.04,16.03,0.111,6.54,5.988,2
11.34,15.62,0.423,6.88,5.403,2
14.27,13.15,0.876,1.22,4.812,4
16.41,15.41,0.444,1.23,4.073,4
16.45,17.88,0.853,1.33,5.66,4
20.22,14.72,0.454,1.38,4.555,4
15.19,13.88,0.566,3.92,7.019,4
14.35,15.81,0.905,3.98,6.59,4
14.28,17.27,0.152,4.06,7.659,4
20.02,15.45,0.985,4.12,6.547,4
20.21,12.31,0.854,4.24,7.389,4
15.58,17.25,0.732,4.26,7.624,4
15.79,15.81,0.833,4.26,5.679,4
14.56,12.32,0.859,4.32,4.321,4
15.48,12.56,0.234,4.32,4.012,4
16.19,16.23,0.651,4.32,5.074,4
15.51,15.98,0.542,4.32,5.023,4
20.15,12.21,0.855,4.44,7.798,4
14.32,16.34,0.788,4.54,6.781,4
16.31,12.33,0.767,4.56,6.79,4
20.17,14.87,0.238,4.9,5.066,4
16.08,14.09,0.631,4.98,6.99,4
15.86,14.76,0.851,5.1,5.79,4
15.21,15.32,0.612,5.1,5.921,4
14.67,15.87,0.872,5.12,4.387,4
17.55,15.07,0.677,5.12,7.093,4
14.21,17.02,0.543,5.22,5.832,4
16.37,13.23,0.975,5.24,4.323,4
18.54,16.37,0.649,5.32,6.091,4
16.01,13.09,0.941,5.43,7.643,4
15.57,16.43,0.787,5.43,5.098,4
15.53,16.15,0.124,5.43,4.01,4
15.45,14.54,0.518,5.46,6.888,4
15.89,15.03,0.127,5.66,6.456,4
14.36,15.67,0.643,5.74,7.555,4
15.73,17.01,0.984,5.77,6.789,4
14.59,14.04,0.874,5.8,5.449,4
16.36,13.24,0.868,5.94,5.464,5
11.24,12.29,0.912,2.84,6.569,5
13.65,17.33,0.345,2.86,7.878,5
10.78,15.77,0.222,2.88,5.068,5
14.68,14.02,0.246,2.9,6.067,5
14.16,16.25,0.678,2.9,7.678,5
20.19,16.28,0.777,3.21,7.543,5
20.43,12.55,0.427,3.22,5.877,5
15.56,16.21,0.432,3.23,5.032,5
13.32,16.55,0.212,3.32,4.128,5
10.33,13.82,0.765,3.34,4.62,5
13.22,17.89,0.739,3.48,5.053,5
15.39,13.75,0.824,3.92,7.546,5
15.31,16.27,0.909,4.3,5.054,5
18.44,11.55,0.781,4.32,7.043,5
19.32,14.32,0.436,4.51,5.056,5
20.07,11.01,0.545,4.55,5.873,5
17.87,17.04,0.323,4.99,6.022,5
20.23,16.12,0.762,5.02,7.654,5
19.41,15.23,0.933,5.11,6.012,5
20.54,16.89,0.989,5.31,5.99,5
13.55,15.22,0.946,5.66,4.532,5
18.92,15.46,0.456,6.12,5.077,5
16.17,14.77,0.434,6.32,6.066,5
18.65,15.88,0.321,6.44,6.038,5
15.63,15.66,0.832,6.11,5.021,5
15.93,16.48,0.908,6.94,5.007,5